name,rmse,mae,r2,mape
random_forest,274.29261723609085,142.64204674456664,0.8838364721552399,11.329209888551409
xgboost,277.7723304800913,135.1492437463591,0.8808704445723349,10.826721551096965
lightgbm,282.93004021215245,150.2482007665506,0.8764053481123799,12.403890192986115
mlp,449.67940403125317,268.7740409513555,0.687789467900042,21.849778017032587
