,count,rmse,mae,mape,mean_true,mean_pred,bias,relative_bias
Sunny,330,339.11290573612655,230.09274095792526,21.037299237941472,1206.3916666666667,1192.8538388141365,-13.5378278525302,-1.1221751796359833
Snowy,328,320.3363788430303,218.0321078258638,21.53332480033018,1224.8350609756098,1248.4131819192476,23.578120943637714,1.9250037572289274
Rainy,299,334.5652453110924,212.3844017635142,18.510589217059916,1247.4423076923076,1198.3540069237024,-49.08830076860522,-3.935115914051015
