,count,rmse,mae,mape,mean_true,mean_pred,bias,relative_bias
Sunny,330,289.5489986128843,177.57072075454806,15.583222342809517,1206.3916666666667,1198.0664648433071,-8.32520182335952,-0.6900911249132348
Snowy,328,293.55300881204704,186.43423966638576,16.84174260158582,1224.8350609756098,1227.6725301362628,2.8374691606529723,0.23166132739479728
Rainy,299,320.44065301093974,183.8278336450323,15.47366884775388,1247.4423076923076,1212.9604898125294,-34.48181787977819,-2.7642014117324156
