,count,rmse,mae,mape,mean_true,mean_pred,bias,relative_bias
Female,336,301.9108939951507,175.76209855209353,14.569262503446067,1227.9598511904762,1214.0842029322553,-13.875648258220963,-1.129975727200598
Other,331,298.45702818582197,182.53797141254793,16.976683611788737,1185.1758610271904,1178.0124845426453,-7.163376484545097,-0.6044146459696376
Male,312,295.87730910328446,186.6847260950786,16.213943311327146,1267.4589102564105,1247.477629697642,-19.981280558768503,-1.5764834975775455
