,count,rmse,mae,mape,mean_true,mean_pred,bias,relative_bias
Female,336,302.89210751255183,143.8701403826759,11.327768602467717,1231.1921726190476,1205.8842,-25.308017345610097,-2.0555700327247646
Other,331,296.41381225540545,140.42988844949312,10.888671614772917,1199.6952870090636,1168.289,-31.406346579376077,-2.617860294981621
Male,312,232.03309085825788,128.91268491891717,10.695839529165632,1190.4026282051282,1195.3268,4.924154021434333,0.4136544984665315
