,count,rmse,mae,mape,mean_true,mean_pred,bias,relative_bias
Multiple,260,266.0443861601192,167.93028350923353,15.38868901537084,1168.143576923077,1167.0430760570741,-1.1005008660029034,-0.09420938382434577
Legs,249,332.8559504332637,196.3793998535493,15.794632430104958,1256.2010843373494,1201.8160452824718,-54.38503905487755,-4.329325912305342
Arms,229,311.74453374871024,182.68384894260655,16.65394272765337,1223.0421834061137,1241.7251428429659,18.682959436852116,1.52758095267172
Hips,220,274.42790304370163,173.4208981644115,15.424648549509023,1248.2431363636363,1232.7635271395704,-15.479609224065825,-1.2401117036510048
