,count,rmse,mae,mape,mean_true,mean_pred,bias,relative_bias
Yes,495,288.75120736505755,176.96436904741802,15.42596581293188,1241.3725454545456,1230.9813787439123,-10.391166710633343,-0.8370707688583908
No,462,311.4015670697955,187.18584040813434,16.46116645761672,1211.5260606060606,1193.9840714464224,-17.541989159638206,-1.447925036863252
