,count,rmse,mae,mape,mean_true,mean_pred,bias,relative_bias
Yes,495,263.2091947572641,132.7599852516868,10.460652661838425,1204.1881212121211,1178.2665,-25.921641719933632,-2.1526239350244727
No,462,295.8881838868067,142.6019365715258,11.508847249401693,1203.1613636363638,1193.9175,-9.24388316761383,-0.7682995354567956
