,count,rmse,mae,mape,mean_true,mean_pred,bias,relative_bias
Truck,331,305.82732394946794,184.27591797229425,14.06645955808688,1295.2883081571,1256.8791645474184,-38.40914360968145,-2.9652968661725136
Car,316,304.08707363364005,187.17599895323843,17.156341180414657,1195.4108860759493,1199.7045483312506,4.293662255301342,0.3591787815648642
Motorcycle,310,286.41177572650037,170.28874787871953,15.90978895076303,1195.718870967742,1188.5214780114622,-7.197392956279828,-0.601930197058335
