,count,rmse,mae,mape,mean_true,mean_pred,bias,relative_bias
Truck,331,258.7469854310061,119.85614990049977,10.124211404594943,1152.9867371601208,1136.5055,-16.48124399605831,-1.4294391656796206
Car,316,254.01524999709216,131.27002878116656,11.012125833578473,1200.2009177215189,1192.034,-8.166860104331363,-0.6804577453444599
Motorcycle,310,327.55534832365845,163.9690914523217,11.491206678233722,1259.0463548387097,1228.3206,-30.725798198084703,-2.440402458575152
