model,mse,rmse,mae,r2,pearson_corr,p_value,mape
mlp,110121.53028086729,331.84564225083216,220.94936847335686,0.8543188037662004,0.9249925175485895,0.0,20.51478246239462
xgboost,98341.84421685693,313.5950321941611,175.75655877991034,0.8699023027666842,0.9328400843200889,0.0,15.671126320165845
weighted_ensemble,109326.53274841074,330.6456301668158,220.1101919628068,0.855370516280872,0.9255127681234847,0.0,20.43148943898658
stacking_ensemble,98341.8645340874,313.5950645882161,175.75656876835924,0.8699022758887573,0.9328400696582646,0.0,15.67112727953458
