model,mse,rmse,mae,r2,pearson_corr,p_value,mape
mlp,109745.83136800867,331.27908380700507,204.20706644550518,0.8548158207156505,0.9250439766370041,0.0,18.288248819579934
xgboost,92232.78651049917,303.69851252599045,163.30425924673267,0.8779840541939811,0.9371917935532524,0.0,13.761656781571022
weighted_ensemble,89299.64470464841,298.8304614738069,181.53398181074698,0.8818643454132354,0.9401142233961216,0.0,15.907359335846802
stacking_ensemble,93228.3809112936,305.3332292943131,163.90404228760477,0.8766669694885517,0.9364532722802663,0.0,13.7932731291424
