Metric,Value
RMSE,307.58636199687203
MAE,177.80933505028165
R²,0.8539250632356888
R² Percentage,85.39250632356888
MAPE,14.844894899961893
Relative Accuracy,95.31165235669961
