Metric,Value
RMSE,274.29261723609085
MAE,142.64204674456664
R²,0.8838364721552399
R² Percentage,88.38364721552398
MAPE,11.329209888551409
Relative Accuracy,96.2389179201344
