{
  "f0": 408461.28125,
  "f2": 587815.625,
  "f3": 2763481.0,
  "f4": 205058.984375,
  "f5": 2053743.75,
  "f6": 661422.375,
  "f7": 222577.375,
  "f8": 1669156.875,
  "f9": 1044426.1875,
  "f10": 371801.375,
  "f11": 3739973.75,
  "f12": 608137.0,
  "f13": 1495029.25,
  "f14": 900582.5625,
  "f15": 434963.71875,
  "f16": 1426332.125,
  "f17": 117954.109375,
  "f18": 123400.546875,
  "f19": 94650.984375,
  "f20": 161560.53125,
  "f21": 97929.4765625,
  "f22": 114060.8203125,
  "f23": 109418.7109375,
  "f24": 101052.203125,
  "f25": 119665.8203125,
  "f26": 220184.9375,
  "f27": 116484.265625,
  "f28": 139657.25,
  "f29": 140349.21875,
  "f30": 91918.1171875,
  "f31": 161751.359375,
  "f32": 115657.984375,
  "f33": 767439.6875,
  "f34": 1909605.625,
  "f35": 138056.734375,
  "f36": 193604.078125,
  "f37": 227219.53125,
  "f38": 133626.390625,
  "f39": 774012.5625,
  "f40": 304088.84375,
  "f42": 9959.9541015625,
  "f43": 8480.30859375,
  "f44": 42657.2734375,
  "f45": 859896.375,
  "f46": 387327.78125,
  "f47": 393500.40625,
  "f48": 18547.048828125,
  "f49": 202152.171875,
  "f50": 347588.15625,
  "f51": 155845.296875,
  "f52": 554289.8125,
  "f53": 2266712.75,
  "f54": 471014.28125,
  "f55": 291757.9375,
  "f56": 465987.9375,
  "f57": 193094.125,
  "f58": 263811.625,
  "f59": 131796.15625,
  "f60": 283044.75,
  "f61": 165726.90625,
  "f62": 3498458.75,
  "f63": 160935.171875,
  "f64": 1484240.75,
  "f65": 1144253.75,
  "f66": 715624.9375,
  "f67": 2151159.0,
  "f68": 600015.1875,
  "f69": 2979119.75,
  "f71": 7809947.5,
  "f72": 6449469.0,
  "f73": 656989.0,
  "f74": 510282.125,
  "f75": 419990.46875,
  "f76": 311464.59375,
  "f77": 156572.4375,
  "f78": 109677.2890625,
  "f79": 127822.953125,
  "f80": 134468.984375,
  "f81": 106085.1015625,
  "f82": 131923.59375,
  "f83": 130828.359375,
  "f84": 114381.2265625,
  "f85": 95747.59375,
  "f86": 95287.078125,
  "f87": 84764.953125,
  "f88": 107051.4140625,
  "f89": 82100.1796875,
  "f90": 91928.8359375,
  "f91": 62162.02734375,
  "f92": 82845.296875,
  "f93": 100147.1328125,
  "f94": 88730.484375,
  "f95": 116847.4296875,
  "f96": 94140.40625,
  "f97": 116919.5390625,
  "f98": 160725.078125,
  "f99": 77598.359375,
  "f100": 132921.875,
  "f101": 94158.7265625,
  "f102": 91792.8671875,
  "f103": 152395.9375,
  "f104": 149777.5,
  "f105": 145250.390625,
  "f106": 50802.625,
  "f107": 56089.49609375,
  "f108": 14041.7001953125,
  "f110": 313643.15625,
  "f115": 947438.1875,
  "f116": 106822.5546875,
  "f117": 183692.34375,
  "f119": 100445.8515625,
  "f120": 105580.3359375,
  "f121": 22781.822265625,
  "f122": 93389.9765625,
  "f123": 173201.953125,
  "f124": 520210.5,
  "f125": 94326.3359375,
  "f126": 17737.3984375,
  "f127": 308888.46875,
  "f128": 120605.203125,
  "f130": 6575.7802734375,
  "f131": 6949.16015625,
  "f133": 62418.609375,
  "f134": 135097.578125,
  "f137": 66847.265625,
  "f138": 223848.40625,
  "f139": 42133.69921875,
  "f140": 91824.8671875,
  "f141": 139316.34375,
  "f142": 203804.796875,
  "f143": 38364.453125,
  "f144": 95339.59375,
  "f145": 10367.681640625,
  "f146": 66404.890625,
  "f148": 39108.3671875,
  "f149": 65607.3359375,
  "f150": 159669.015625,
  "f151": 71655.2578125,
  "f152": 9126.4501953125,
  "f153": 252741.703125,
  "f154": 287941.34375,
  "f155": 27187.490234375,
  "f156": 814853.5625,
  "f157": 46855.9921875,
  "f158": 179585.625,
  "f159": 73343.53125,
  "f160": 23816.56640625,
  "f162": 278241.46875,
  "f165": 7862.2373046875,
  "f166": 1013683.75,
  "f167": 220927.8125,
  "f168": 116209.3203125,
  "f170": 83874.546875,
  "f171": 241997.921875,
  "f172": 36893.44921875,
  "f173": 555241.9375,
  "f174": 163520.6875,
  "f181": 140583.4375,
  "f183": 25077.345703125,
  "f184": 31672.900390625,
  "f187": 53281.6015625
}